{
    "name": "am-1886-imperial-hotel",
    "title": "AM 1886 Imperial Hotel",
    "description": "Foundry VTT scenes for Antipodean Moon's Imperial Hotel, 1886.",
    "author": "Andra Cass",
    "version": "1.0.1",
    "authors": [],
    "minimumCoreVersion": "9",
    "compatibleCoreVersion": "9",
    "url": "https://www.patreon.com/antipodeanmoon",
    "manifest": "https://raw.githubusercontent.com/Kasandrah/antipodeanmoon/main/module.json",
    "download": "https://raw.githubusercontent.com/Kasandrah/antipodeanmoon/main/am-1886-imperial-hotel.zip",
    "packs": [
      {
        "name": "am-1886-imperial-hotel-scenes",
        "label": "Imperial Hotel 1886",
        "path": "./packs/am-1886-imperial-hotel-scenes.db",
        "entity": "Scene"
      }
      ]
  }